Website,Name,Price,Ratings,Time,Link
Amazon,"Samsung Galaxy A05 (Silver, 4GB, 64GB Storage) | 50 MP Main Camera | Upto 8GB RAM with RAM Plus | MediaTek Helio G85 | 5000 mAh Battery",8699,3.6,NA,https://www.amazon.in/Samsung-Galaxy-Storage-MediaTek-Battery/dp/B0CJ2G2TZQ/ref=sr_1_1?dib=eyJ2IjoiMSJ9.uEiz9BQoyT8NlT_oJvTq5H0y1oQxlcU3gjjqx_o9x52xxcodXjf2eu8zX_PSlJbV_uZro4dQER4N27yqLGCOC5vty1MxG-qNpUbWiF01kfpZzeu_zeGMgRoIOItuDANIIpbihXKVdDAyJgUJx9HQEBhhIJWy7Fg0_lCfGn-l0g5LPB88Yf7dSv3r7fw5hTTN.P86hBCu40XWoxhBnRYsfhsAKgqpXSV9c3a4wJetjK7c&dib_tag=se&keywords=Samsung+M32+64GB+ROM+4+GB+RAM&qid=1712120192&sr=8-1
Amazon,"(Refurbished) Samsung Galaxy M32 - Black, 4GB RAM, 64GB Storage",10999,2.9,NA,https://www.amazon.in/Renewed-Samsung-Galaxy-M32-Storage/dp/B09NMD7LX5/ref=sr_1_2?dib=eyJ2IjoiMSJ9.uEiz9BQoyT8NlT_oJvTq5H0y1oQxlcU3gjjqx_o9x52xxcodXjf2eu8zX_PSlJbV_uZro4dQER4N27yqLGCOC5vty1MxG-qNpUbWiF01kfpZzeu_zeGMgRoIOItuDANIIpbihXKVdDAyJgUJx9HQEBhhIJWy7Fg0_lCfGn-l0g5LPB88Yf7dSv3r7fw5hTTN.P86hBCu40XWoxhBnRYsfhsAKgqpXSV9c3a4wJetjK7c&dib_tag=se&keywords=Samsung+M32+64GB+ROM+4+GB+RAM&qid=1712120192&sr=8-2
Amazon,"Samsung Galaxy M13 (Stardust Brown, 4GB, 64GB Storage) | 6000mAh Battery | Upto 8GB RAM with RAM Plus",9999,4.1,NA,https://www.amazon.in/Samsung-Stardust-Storage-6000mAh-Battery/dp/B0B4F2K7N1/ref=sr_1_3?dib=eyJ2IjoiMSJ9.uEiz9BQoyT8NlT_oJvTq5H0y1oQxlcU3gjjqx_o9x52xxcodXjf2eu8zX_PSlJbV_uZro4dQER4N27yqLGCOC5vty1MxG-qNpUbWiF01kfpZzeu_zeGMgRoIOItuDANIIpbihXKVdDAyJgUJx9HQEBhhIJWy7Fg0_lCfGn-l0g5LPB88Yf7dSv3r7fw5hTTN.P86hBCu40XWoxhBnRYsfhsAKgqpXSV9c3a4wJetjK7c&dib_tag=se&keywords=Samsung+M32+64GB+ROM+4+GB+RAM&qid=1712120192&sr=8-3
Amazon,"(Refurbished) Samsung Galaxy M13 (Aqua Green, 4GB, 64GB Storage) | 5000mAh Battery | Upto 8GB RAM with RAM Plus Screenshot attached",NA,3.5,NA,NA
Amazon,"(Refurbished) Samsung Galaxy M32 (Black, 6GB RAM, 128GB Storage)",10999,3.3,NA,https://www.amazon.in/Renewed-Samsung-Galaxy-Black-Storage/dp/B09FTBZ4G3/ref=sr_1_5?dib=eyJ2IjoiMSJ9.uEiz9BQoyT8NlT_oJvTq5H0y1oQxlcU3gjjqx_o9x52xxcodXjf2eu8zX_PSlJbV_uZro4dQER4N27yqLGCOC5vty1MxG-qNpUbWiF01kfpZzeu_zeGMgRoIOItuDANIIpbihXKVdDAyJgUJx9HQEBhhIJWy7Fg0_lCfGn-l0g5LPB88Yf7dSv3r7fw5hTTN.P86hBCu40XWoxhBnRYsfhsAKgqpXSV9c3a4wJetjK7c&dib_tag=se&keywords=Samsung+M32+64GB+ROM+4+GB+RAM&qid=1712120192&sr=8-5
Amazon,"(Refurbished) Samsung Galaxy M32 5G (Sky Blue, 8GB RAM, 128GB Storage)",12999,NA,NA,https://www.amazon.in/Renewed-Samsung-Galaxy-128GB-Storage/dp/B09ZV1GX95/ref=sr_1_6?dib=eyJ2IjoiMSJ9.uEiz9BQoyT8NlT_oJvTq5H0y1oQxlcU3gjjqx_o9x52xxcodXjf2eu8zX_PSlJbV_uZro4dQER4N27yqLGCOC5vty1MxG-qNpUbWiF01kfpZzeu_zeGMgRoIOItuDANIIpbihXKVdDAyJgUJx9HQEBhhIJWy7Fg0_lCfGn-l0g5LPB88Yf7dSv3r7fw5hTTN.P86hBCu40XWoxhBnRYsfhsAKgqpXSV9c3a4wJetjK7c&dib_tag=se&keywords=Samsung+M32+64GB+ROM+4+GB+RAM&qid=1712120192&sr=8-6
Amazon,"Samsung Galaxy A12 (Blue,4GB RAM, 64GB Storage) with No Cost EMI/Additional Exchange Offers",11990,4.0,NA,https://www.amazon.in/Samsung-Galaxy-Storage-Additional-Exchange/dp/B08WC387F8/ref=sr_1_7?dib=eyJ2IjoiMSJ9.uEiz9BQoyT8NlT_oJvTq5H0y1oQxlcU3gjjqx_o9x52xxcodXjf2eu8zX_PSlJbV_uZro4dQER4N27yqLGCOC5vty1MxG-qNpUbWiF01kfpZzeu_zeGMgRoIOItuDANIIpbihXKVdDAyJgUJx9HQEBhhIJWy7Fg0_lCfGn-l0g5LPB88Yf7dSv3r7fw5hTTN.P86hBCu40XWoxhBnRYsfhsAKgqpXSV9c3a4wJetjK7c&dib_tag=se&keywords=Samsung+M32+64GB+ROM+4+GB+RAM&qid=1712120192&sr=8-7
Amazon,"Samsung Galaxy A03s (Black, 3GB RAM, 32GB Storage) with No Cost EMI/Additional Exchange Offers",7679,3.7,NA,https://www.amazon.in/Samsung-Galaxy-Storage-Additional-Exchange/dp/B09C8KQHMR/ref=sr_1_8?dib=eyJ2IjoiMSJ9.uEiz9BQoyT8NlT_oJvTq5H0y1oQxlcU3gjjqx_o9x52xxcodXjf2eu8zX_PSlJbV_uZro4dQER4N27yqLGCOC5vty1MxG-qNpUbWiF01kfpZzeu_zeGMgRoIOItuDANIIpbihXKVdDAyJgUJx9HQEBhhIJWy7Fg0_lCfGn-l0g5LPB88Yf7dSv3r7fw5hTTN.P86hBCu40XWoxhBnRYsfhsAKgqpXSV9c3a4wJetjK7c&dib_tag=se&keywords=Samsung+M32+64GB+ROM+4+GB+RAM&qid=1712120192&sr=8-8
Amazon,"Motorola E32 (4GB, 64GB) (Arctic Blue)",6389,3.3,NA,https://www.amazon.in/Motorola-E32-64GB-Arctic-Blue/dp/B0BNKJVS1G/ref=sr_1_9?dib=eyJ2IjoiMSJ9.uEiz9BQoyT8NlT_oJvTq5H0y1oQxlcU3gjjqx_o9x52xxcodXjf2eu8zX_PSlJbV_uZro4dQER4N27yqLGCOC5vty1MxG-qNpUbWiF01kfpZzeu_zeGMgRoIOItuDANIIpbihXKVdDAyJgUJx9HQEBhhIJWy7Fg0_lCfGn-l0g5LPB88Yf7dSv3r7fw5hTTN.P86hBCu40XWoxhBnRYsfhsAKgqpXSV9c3a4wJetjK7c&dib_tag=se&keywords=Samsung+M32+64GB+ROM+4+GB+RAM&qid=1712120192&sr=8-9
Amazon,"(Refurbished) Samsung A32 (White, 6GB RAM, 128GB Storage)ffers",18999,NA,NA,https://www.amazon.in/Renewed-Samsung-Storage-Additional-Exchange/dp/B097MPJN21/ref=sr_1_10?dib=eyJ2IjoiMSJ9.uEiz9BQoyT8NlT_oJvTq5H0y1oQxlcU3gjjqx_o9x52xxcodXjf2eu8zX_PSlJbV_uZro4dQER4N27yqLGCOC5vty1MxG-qNpUbWiF01kfpZzeu_zeGMgRoIOItuDANIIpbihXKVdDAyJgUJx9HQEBhhIJWy7Fg0_lCfGn-l0g5LPB88Yf7dSv3r7fw5hTTN.P86hBCu40XWoxhBnRYsfhsAKgqpXSV9c3a4wJetjK7c&dib_tag=se&keywords=Samsung+M32+64GB+ROM+4+GB+RAM&qid=1712120192&sr=8-10
Amazon,"Samsung Galaxy A03 Black, 3GB RAM, 32GB Storage with No Cost EMI/Additional Exchange Offers",9999,3.9,NA,https://www.amazon.in/Samsung-Galaxy-Storage-Additional-Exchange/dp/B09TKTXNZB/ref=sr_1_11?dib=eyJ2IjoiMSJ9.uEiz9BQoyT8NlT_oJvTq5H0y1oQxlcU3gjjqx_o9x52xxcodXjf2eu8zX_PSlJbV_uZro4dQER4N27yqLGCOC5vty1MxG-qNpUbWiF01kfpZzeu_zeGMgRoIOItuDANIIpbihXKVdDAyJgUJx9HQEBhhIJWy7Fg0_lCfGn-l0g5LPB88Yf7dSv3r7fw5hTTN.P86hBCu40XWoxhBnRYsfhsAKgqpXSV9c3a4wJetjK7c&dib_tag=se&keywords=Samsung+M32+64GB+ROM+4+GB+RAM&qid=1712120192&sr=8-11
Amazon,"Samsung Galaxy A32 (Black 8GB RAM, 128GB Storage) with No Cost EMI/Additional Exchange Offers",17999,4.0,NA,https://www.amazon.in/Samsung-Galaxy-Storage-Additional-Exchange/dp/B09LS1P2FB/ref=sr_1_12?dib=eyJ2IjoiMSJ9.uEiz9BQoyT8NlT_oJvTq5H0y1oQxlcU3gjjqx_o9x52xxcodXjf2eu8zX_PSlJbV_uZro4dQER4N27yqLGCOC5vty1MxG-qNpUbWiF01kfpZzeu_zeGMgRoIOItuDANIIpbihXKVdDAyJgUJx9HQEBhhIJWy7Fg0_lCfGn-l0g5LPB88Yf7dSv3r7fw5hTTN.P86hBCu40XWoxhBnRYsfhsAKgqpXSV9c3a4wJetjK7c&dib_tag=se&keywords=Samsung+M32+64GB+ROM+4+GB+RAM&qid=1712120192&sr=8-12
Amazon,"TECNO POP 8 (Mystery White,(8GB*+64GB)|90Hz Punch Hole Display with Dynamic Port & Dual Speakers with DTS| 5000mAh Battery |10W Type-C| Side Fingerprint Sensor| Octa-Core Processor",6799,4.1,NA,https://www.amazon.in/sspa/click?ie=UTF8&spc=MTo0ODYwNzQ4NzEyNDg3MDkzOjE3MTIxMjAxOTI6c3BfbXRmOjMwMDExNzc1MDY0NzczMjo6MDo6&url=%2FMystery-Speakers-Fingerprint-Octa-Core-Processor%2Fdp%2FB0CQ7SHTF4%2Fref%3Dsr_1_13_sspa%3Fdib%3DeyJ2IjoiMSJ9.uEiz9BQoyT8NlT_oJvTq5H0y1oQxlcU3gjjqx_o9x52xxcodXjf2eu8zX_PSlJbV_uZro4dQER4N27yqLGCOC5vty1MxG-qNpUbWiF01kfpZzeu_zeGMgRoIOItuDANIIpbihXKVdDAyJgUJx9HQEBhhIJWy7Fg0_lCfGn-l0g5LPB88Yf7dSv3r7fw5hTTN.P86hBCu40XWoxhBnRYsfhsAKgqpXSV9c3a4wJetjK7c%26dib_tag%3Dse%26keywords%3DSamsung%2BM32%2B64GB%2BROM%2B4%2BGB%2BRAM%26qid%3D1712120192%26sr%3D8-13-spons%26sp_csd%3Dd2lkZ2V0TmFtZT1zcF9tdGY%26psc%3D1
Amazon,"Samsung Galaxy A04s (Green, 4GB RAM, 64GB Storage)",10000,1.0,NA,https://www.amazon.in/sspa/click?ie=UTF8&spc=MTo0ODYwNzQ4NzEyNDg3MDkzOjE3MTIxMjAxOTI6c3BfbXRmOjMwMDE1MTU2MjE2OTQzMjo6MDo6&url=%2FSamsung-Galaxy-A04s-Green-Storage%2Fdp%2FB0CGHXSYBX%2Fref%3Dsr_1_14_sspa%3Fdib%3DeyJ2IjoiMSJ9.uEiz9BQoyT8NlT_oJvTq5H0y1oQxlcU3gjjqx_o9x52xxcodXjf2eu8zX_PSlJbV_uZro4dQER4N27yqLGCOC5vty1MxG-qNpUbWiF01kfpZzeu_zeGMgRoIOItuDANIIpbihXKVdDAyJgUJx9HQEBhhIJWy7Fg0_lCfGn-l0g5LPB88Yf7dSv3r7fw5hTTN.P86hBCu40XWoxhBnRYsfhsAKgqpXSV9c3a4wJetjK7c%26dib_tag%3Dse%26keywords%3DSamsung%2BM32%2B64GB%2BROM%2B4%2BGB%2BRAM%26qid%3D1712120192%26sr%3D8-14-spons%26sp_csd%3Dd2lkZ2V0TmFtZT1zcF9tdGY%26psc%3D1
Amazon,"IAIR D22 Multimedia Feature Keypad Mobile Basic Bar Phone with Dual SIM Card with 1200 mAh Battery,MP3, Multi Language Support Keypad Phone-Blue",849,3.7,NA,https://www.amazon.in/sspa/click?ie=UTF8&spc=MTo0ODYwNzQ4NzEyNDg3MDkzOjE3MTIxMjAxOTI6c3BfbXRmOjMwMDE1MzA0ODkzMzEzMjo6MDo6&url=%2FIAIR-Multimedia-Feature-Language-Phone-Blue%2Fdp%2FB09NQ8BDTC%2Fref%3Dsr_1_15_sspa%3Fdib%3DeyJ2IjoiMSJ9.uEiz9BQoyT8NlT_oJvTq5H0y1oQxlcU3gjjqx_o9x52xxcodXjf2eu8zX_PSlJbV_uZro4dQER4N27yqLGCOC5vty1MxG-qNpUbWiF01kfpZzeu_zeGMgRoIOItuDANIIpbihXKVdDAyJgUJx9HQEBhhIJWy7Fg0_lCfGn-l0g5LPB88Yf7dSv3r7fw5hTTN.P86hBCu40XWoxhBnRYsfhsAKgqpXSV9c3a4wJetjK7c%26dib_tag%3Dse%26keywords%3DSamsung%2BM32%2B64GB%2BROM%2B4%2BGB%2BRAM%26qid%3D1712120192%26sr%3D8-15-spons%26sp_csd%3Dd2lkZ2V0TmFtZT1zcF9tdGY%26psc%3D1
Amazon,IAIR D25 Dual Sim Keypad Phone | 2800 mAH Battery & Big 1.77 Inch Display | Big Torch Light | Wireless FM & Rear Camera | Auto Call Recording | Dual Sim Support | 32 MB Ram & Storage (Blue),849,3.8,NA,https://www.amazon.in/sspa/click?ie=UTF8&spc=MTo0ODYwNzQ4NzEyNDg3MDkzOjE3MTIxMjAxOTI6c3BfbXRmOjMwMDE1MzA0ODkzMzIzMjo6MDo6&url=%2FIAIR-Display-Storage-Recording-Feature%2Fdp%2FB0B2WD4KT2%2Fref%3Dsr_1_16_sspa%3Fdib%3DeyJ2IjoiMSJ9.uEiz9BQoyT8NlT_oJvTq5H0y1oQxlcU3gjjqx_o9x52xxcodXjf2eu8zX_PSlJbV_uZro4dQER4N27yqLGCOC5vty1MxG-qNpUbWiF01kfpZzeu_zeGMgRoIOItuDANIIpbihXKVdDAyJgUJx9HQEBhhIJWy7Fg0_lCfGn-l0g5LPB88Yf7dSv3r7fw5hTTN.P86hBCu40XWoxhBnRYsfhsAKgqpXSV9c3a4wJetjK7c%26dib_tag%3Dse%26keywords%3DSamsung%2BM32%2B64GB%2BROM%2B4%2BGB%2BRAM%26qid%3D1712120192%26sr%3D8-16-spons%26sp_csd%3Dd2lkZ2V0TmFtZT1zcF9tdGY%26psc%3D1
Amazon,IAIR D10 Mini Dual Sim Keypad Phone | 1800 mAH Battery & Big 1.88 Inch Display | Big Torch Light | Wireless FM & Rear Camera | Auto Call Recording| 32 MB Ram & Expandable 128gb Storage (Black),949,3.2,NA,https://www.amazon.in/sspa/click?ie=UTF8&spc=MTo0ODYwNzQ4NzEyNDg3MDkzOjE3MTIxMjAxOTI6c3BfYnRmOjMwMDE1MzA0ODkzMzAzMjo6MDo6&url=%2FIAIR-Display-Storage-Recording-Feature%2Fdp%2FB09HK5R98W%2Fref%3Dsr_1_17_sspa%3Fdib%3DeyJ2IjoiMSJ9.uEiz9BQoyT8NlT_oJvTq5H0y1oQxlcU3gjjqx_o9x52xxcodXjf2eu8zX_PSlJbV_uZro4dQER4N27yqLGCOC5vty1MxG-qNpUbWiF01kfpZzeu_zeGMgRoIOItuDANIIpbihXKVdDAyJgUJx9HQEBhhIJWy7Fg0_lCfGn-l0g5LPB88Yf7dSv3r7fw5hTTN.P86hBCu40XWoxhBnRYsfhsAKgqpXSV9c3a4wJetjK7c%26dib_tag%3Dse%26keywords%3DSamsung%2BM32%2B64GB%2BROM%2B4%2BGB%2BRAM%26qid%3D1712120192%26sr%3D8-17-spons%26sp_csd%3Dd2lkZ2V0TmFtZT1zcF9idGY%26psc%3D1
Flipkart,"SAMSUNG Galaxy M32 Prime Edition (Light Blue, 64 GB)",14499,4.1,"7 Apr, Sunday",https://www.flipkart.com/samsung-galaxy-m32-prime-light-blue-64-gb/p/itm427474f057bae?pid=MOBGHDXFE6HSCMEE&lid=LSTMOBGHDXFE6HSCMEEOFGY5R&marketplace=FLIPKART&q=Samsung+M32+64GB+ROM+4+GB+RAM&store=tyy%2F4io&srno=s_1_1&otracker=search&fm=organic&iid=4acb5a78-e76c-42f4-be56-a678102ab8bc.MOBGHDXFE6HSCMEE.SEARCH&ppt=None&ppn=None&ssid=u7uki2tb5c0000001712120194308&qH=e9619a46e47d8066
Flipkart,"SAMSUNG Galaxy M32 Prime Edition (Light Blue, 64 GB)",14499,4.1,"7 Apr, Sunday",https://www.flipkart.com/samsung-galaxy-m32-prime-light-blue-64-gb/p/itme6e1ee5391a86?pid=MOBGJXT47JHENX2E&lid=LSTMOBGJXT47JHENX2EG6X4HB&marketplace=FLIPKART&q=Samsung+M32+64GB+ROM+4+GB+RAM&store=tyy%2F4io&srno=s_1_2&otracker=search&fm=organic&iid=4acb5a78-e76c-42f4-be56-a678102ab8bc.MOBGJXT47JHENX2E.SEARCH&ppt=None&ppn=None&ssid=u7uki2tb5c0000001712120194308&qH=e9619a46e47d8066
Flipkart,"SAMSUNG Galaxy M32 (Black, 128 GB)",15999,4.2,"7 Apr, Sunday",https://www.flipkart.com/samsung-galaxy-m32-black-128-gb/p/itm77d1ed8f6add7?pid=MOBGHDXF5NSPFNUY&lid=LSTMOBGHDXF5NSPFNUYOOSLPS&marketplace=FLIPKART&q=Samsung+M32+64GB+ROM+4+GB+RAM&store=tyy%2F4io&srno=s_1_3&otracker=search&fm=organic&iid=4acb5a78-e76c-42f4-be56-a678102ab8bc.MOBGHDXF5NSPFNUY.SEARCH&ppt=None&ppn=None&ssid=u7uki2tb5c0000001712120194308&qH=e9619a46e47d8066
Flipkart,"SAMSUNG Galaxy S7 (Gold Platinum, 32 GB)",46000,4.4,NA,https://www.flipkart.com/samsung-galaxy-s7-gold-platinum-32-gb/p/itmeuyda4qgqetc6?pid=MOBEGFZPWJHYT7NX&lid=LSTMOBEGFZPWJHYT7NXKNHWSQ&marketplace=FLIPKART&q=Samsung+M32+64GB+ROM+4+GB+RAM&store=tyy%2F4io&srno=s_1_4&otracker=search&fm=organic&iid=4acb5a78-e76c-42f4-be56-a678102ab8bc.MOBEGFZPWJHYT7NX.SEARCH&ppt=None&ppn=None&ssid=u7uki2tb5c0000001712120194308&qH=e9619a46e47d8066
Flipkart,"SAMSUNG Galaxy On Max (Black, 32 GB)",19900,4.3,NA,https://www.flipkart.com/samsung-galaxy-max-black-32-gb/p/itmevmrqd5n5ncfa?pid=MOBEV7YD3CFBTENW&lid=LSTMOBEV7YD3CFBTENWGYFVDR&marketplace=FLIPKART&q=Samsung+M32+64GB+ROM+4+GB+RAM&store=tyy%2F4io&srno=s_1_5&otracker=search&fm=organic&iid=4acb5a78-e76c-42f4-be56-a678102ab8bc.MOBEV7YD3CFBTENW.SEARCH&ppt=None&ppn=None&ssid=u7uki2tb5c0000001712120194308&qH=e9619a46e47d8066
Flipkart,"SAMSUNG Galaxy A03s (White, 32 GB)",7699,4,"6 Apr, Saturday",https://www.flipkart.com/samsung-galaxy-a03s-white-32-gb/p/itm418fde1930794?pid=MOBG5NK9VVKEGQCG&lid=LSTMOBG5NK9VVKEGQCG0UJ2CI&marketplace=FLIPKART&q=Samsung+M32+64GB+ROM+4+GB+RAM&store=tyy%2F4io&srno=s_1_6&otracker=search&fm=organic&iid=4acb5a78-e76c-42f4-be56-a678102ab8bc.MOBG5NK9VVKEGQCG.SEARCH&ppt=None&ppn=None&ssid=u7uki2tb5c0000001712120194308&qH=e9619a46e47d8066
Flipkart,"SAMSUNG Galaxy A03s (Blue, 32 GB)",7790,4,"7 Apr, Sunday",https://www.flipkart.com/samsung-galaxy-a03s-blue-32-gb/p/itmc7b85c75edb4d?pid=MOBG5NK9U5SJKJ4F&lid=LSTMOBG5NK9U5SJKJ4FWZHHIH&marketplace=FLIPKART&q=Samsung+M32+64GB+ROM+4+GB+RAM&store=tyy%2F4io&srno=s_1_7&otracker=search&fm=organic&iid=4acb5a78-e76c-42f4-be56-a678102ab8bc.MOBG5NK9U5SJKJ4F.SEARCH&ppt=None&ppn=None&ssid=u7uki2tb5c0000001712120194308&qH=e9619a46e47d8066
Flipkart,"SAMSUNG Galaxy A03 (Black, 32 GB)",9899,4.1,"6 Apr, Saturday",https://www.flipkart.com/samsung-galaxy-a03-black-32-gb/p/itm372ccb52b0cd7?pid=MOBGC2Q5UHRZVTK8&lid=LSTMOBGC2Q5UHRZVTK8ZMFYNN&marketplace=FLIPKART&q=Samsung+M32+64GB+ROM+4+GB+RAM&store=tyy%2F4io&srno=s_1_8&otracker=search&fm=organic&iid=4acb5a78-e76c-42f4-be56-a678102ab8bc.MOBGC2Q5UHRZVTK8.SEARCH&ppt=None&ppn=None&ssid=u7uki2tb5c0000001712120194308&qH=e9619a46e47d8066
Flipkart,"SAMSUNG Galaxy A03 (Red, 32 GB)",8999,4.1,"7 Apr, Sunday",https://www.flipkart.com/samsung-galaxy-a03-red-32-gb/p/itm7afe99e40f3a2?pid=MOBGC2Q52EJDHHZH&lid=LSTMOBGC2Q52EJDHHZHRLON0T&marketplace=FLIPKART&q=Samsung+M32+64GB+ROM+4+GB+RAM&store=tyy%2F4io&srno=s_1_9&otracker=search&fm=organic&iid=4acb5a78-e76c-42f4-be56-a678102ab8bc.MOBGC2Q52EJDHHZH.SEARCH&ppt=None&ppn=None&ssid=u7uki2tb5c0000001712120194308&qH=e9619a46e47d8066
Flipkart,"SAMSUNG Galaxy M11 (Black, 32 GB)",12999,4.2,"8 Apr, Monday",https://www.flipkart.com/samsung-galaxy-m11-black-32-gb/p/itm0871b45a83143?pid=MOBFRZZHRFVXDUZZ&lid=LSTMOBFRZZHRFVXDUZZXSQCSW&marketplace=FLIPKART&q=Samsung+M32+64GB+ROM+4+GB+RAM&store=tyy%2F4io&srno=s_1_10&otracker=search&fm=organic&iid=4acb5a78-e76c-42f4-be56-a678102ab8bc.MOBFRZZHRFVXDUZZ.SEARCH&ppt=None&ppn=None&ssid=u7uki2tb5c0000001712120194308&qH=e9619a46e47d8066
Flipkart,"SAMSUNG Galaxy M11 (Violet, 32 GB)",12999,4.2,"8 Apr, Monday",https://www.flipkart.com/samsung-galaxy-m11-violet-32-gb/p/itm75f977995b456?pid=MOBFRZZHEMXTAE6H&lid=LSTMOBFRZZHEMXTAE6HA2GE1L&marketplace=FLIPKART&q=Samsung+M32+64GB+ROM+4+GB+RAM&store=tyy%2F4io&srno=s_1_11&otracker=search&fm=organic&iid=4acb5a78-e76c-42f4-be56-a678102ab8bc.MOBFRZZHEMXTAE6H.SEARCH&ppt=None&ppn=None&ssid=u7uki2tb5c0000001712120194308&qH=e9619a46e47d8066
Flipkart,"SAMSUNG Galaxy A03s (Black, 32 GB)",7888,4,"6 Apr, Saturday",https://www.flipkart.com/samsung-galaxy-a03s-black-32-gb/p/itm5c05090098184?pid=MOBG5NK9UZT8TYZU&lid=LSTMOBG5NK9UZT8TYZUSDROHT&marketplace=FLIPKART&q=Samsung+M32+64GB+ROM+4+GB+RAM&store=tyy%2F4io&srno=s_1_12&otracker=search&fm=organic&iid=4acb5a78-e76c-42f4-be56-a678102ab8bc.MOBG5NK9UZT8TYZU.SEARCH&ppt=None&ppn=None&ssid=u7uki2tb5c0000001712120194308&qH=e9619a46e47d8066
Flipkart,"SAMSUNG Galaxy A03 (Blue, 32 GB)",8800,4.1,"7 Apr, Sunday",https://www.flipkart.com/samsung-galaxy-a03-blue-32-gb/p/itma048bf14e2228?pid=MOBGC2Q5UUUKCBSB&lid=LSTMOBGC2Q5UUUKCBSBATOVLR&marketplace=FLIPKART&q=Samsung+M32+64GB+ROM+4+GB+RAM&store=tyy%2F4io&srno=s_1_13&otracker=search&fm=organic&iid=4acb5a78-e76c-42f4-be56-a678102ab8bc.MOBGC2Q5UUUKCBSB.SEARCH&ppt=None&ppn=None&ssid=u7uki2tb5c0000001712120194308&qH=e9619a46e47d8066
Flipkart,"SAMSUNG Galaxy J6 (Blue, 32 GB)",11500,4.4,NA,https://www.flipkart.com/samsung-galaxy-j6-blue-32-gb/p/itmf5bkhm5zpvcq3?pid=MOBF5BKHYMMYEWN8&lid=LSTMOBF5BKHYMMYEWN8FNGSFB&marketplace=FLIPKART&q=Samsung+M32+64GB+ROM+4+GB+RAM&store=tyy%2F4io&srno=s_1_14&otracker=search&fm=organic&iid=4acb5a78-e76c-42f4-be56-a678102ab8bc.MOBF5BKHYMMYEWN8.SEARCH&ppt=None&ppn=None&ssid=u7uki2tb5c0000001712120194308&qH=e9619a46e47d8066
Flipkart,"SAMSUNG Galaxy F41 (Fusion Blue, 64 GB)",15999,4.3,NA,https://www.flipkart.com/samsung-galaxy-f41-fusion-blue-64-gb/p/itmcdc5e93b44d55?pid=MOBFV5PWHRYTYYJF&lid=LSTMOBFV5PWHRYTYYJFLE0GZO&marketplace=FLIPKART&q=Samsung+M32+64GB+ROM+4+GB+RAM&store=tyy%2F4io&srno=s_1_15&otracker=search&fm=organic&iid=4acb5a78-e76c-42f4-be56-a678102ab8bc.MOBFV5PWHRYTYYJF.SEARCH&ppt=None&ppn=None&ssid=u7uki2tb5c0000001712120194308&qH=e9619a46e47d8066
Flipkart,"SAMSUNG Galaxy F41 (Fusion Black, 64 GB)",15999,4.3,"7 Apr, Sunday",https://www.flipkart.com/samsung-galaxy-f41-fusion-black-64-gb/p/itmde5e6cd41fc4d?pid=MOBFV5PWGEVNPWS2&lid=LSTMOBFV5PWGEVNPWS2VG4KHD&marketplace=FLIPKART&q=Samsung+M32+64GB+ROM+4+GB+RAM&store=tyy%2F4io&srno=s_1_16&otracker=search&fm=organic&iid=4acb5a78-e76c-42f4-be56-a678102ab8bc.MOBFV5PWGEVNPWS2.SEARCH&ppt=None&ppn=None&ssid=u7uki2tb5c0000001712120194308&qH=e9619a46e47d8066
Flipkart,"SAMSUNG Galaxy A50s (Prism Crush Violet, 128 GB)",21070,4.3,NA,https://www.flipkart.com/samsung-galaxy-a50s-prism-crush-violet-128-gb/p/itme505f5f410d1c?pid=MOBFK4REEVWGFXES&lid=LSTMOBFK4REEVWGFXESZFPNCV&marketplace=FLIPKART&q=Samsung+M32+64GB+ROM+4+GB+RAM&store=tyy%2F4io&srno=s_1_17&otracker=search&fm=organic&iid=4acb5a78-e76c-42f4-be56-a678102ab8bc.MOBFK4REEVWGFXES.SEARCH&ppt=None&ppn=None&ssid=u7uki2tb5c0000001712120194308&qH=e9619a46e47d8066
Flipkart,"SAMSUNG Galaxy A03 Core (Onyx, 32 GB)",7998,4.1,"6 Apr, Saturday",https://www.flipkart.com/samsung-galaxy-a03-core-onyx-32-gb/p/itm417920baf19ea?pid=MOBGMB5KCW8ZF2UC&lid=LSTMOBGMB5KCW8ZF2UCQAOMXG&marketplace=FLIPKART&q=Samsung+M32+64GB+ROM+4+GB+RAM&store=tyy%2F4io&srno=s_1_18&otracker=search&fm=organic&iid=4acb5a78-e76c-42f4-be56-a678102ab8bc.MOBGMB5KCW8ZF2UC.SEARCH&ppt=None&ppn=None&ssid=u7uki2tb5c0000001712120194308&qH=e9619a46e47d8066
Flipkart,"SAMSUNG Galaxy A03 Core (Black, 32 GB)",6899,4.1,"7 Apr, Sunday",https://www.flipkart.com/samsung-galaxy-a03-core-black-32-gb/p/itm32d6204b70137?pid=MOBG9BZ3BU9BDUBB&lid=LSTMOBG9BZ3BU9BDUBBSXROKP&marketplace=FLIPKART&q=Samsung+M32+64GB+ROM+4+GB+RAM&store=tyy%2F4io&srno=s_1_19&otracker=search&fm=organic&iid=4acb5a78-e76c-42f4-be56-a678102ab8bc.MOBG9BZ3BU9BDUBB.SEARCH&ppt=None&ppn=None&ssid=u7uki2tb5c0000001712120194308&qH=e9619a46e47d8066
Flipkart,"SAMSUNG Galaxy A03 Core (Bronze, 32 GB)",7998,4.1,"8 Apr, Monday",https://www.flipkart.com/samsung-galaxy-a03-core-bronze-32-gb/p/itmdb8028fa21ea1?pid=MOBGKS7MX2UTGB9R&lid=LSTMOBGKS7MX2UTGB9REZHY3A&marketplace=FLIPKART&q=Samsung+M32+64GB+ROM+4+GB+RAM&store=tyy%2F4io&srno=s_1_20&otracker=search&fm=organic&iid=4acb5a78-e76c-42f4-be56-a678102ab8bc.MOBGKS7MX2UTGB9R.SEARCH&ppt=None&ppn=None&ssid=u7uki2tb5c0000001712120194308&qH=e9619a46e47d8066
Flipkart,"SAMSUNG Galaxy A03 Core (Mint, 32 GB)",9449,4.1,"8 Apr, Monday",https://www.flipkart.com/samsung-galaxy-a03-core-mint-32-gb/p/itmcb478edda17b8?pid=MOBGG6H7HUECCAEN&lid=LSTMOBGG6H7HUECCAENOOACR6&marketplace=FLIPKART&q=Samsung+M32+64GB+ROM+4+GB+RAM&store=tyy%2F4io&srno=s_1_21&otracker=search&fm=organic&iid=4acb5a78-e76c-42f4-be56-a678102ab8bc.MOBGG6H7HUECCAEN.SEARCH&ppt=None&ppn=None&ssid=u7uki2tb5c0000001712120194308&qH=e9619a46e47d8066
Flipkart,"SAMSUNG M01 core (Blue, 32 GB)",6490,3.9,"8 Apr, Monday",https://www.flipkart.com/samsung-m01-core-blue-32-gb/p/itm4af92173df3c8?pid=MOBFUAEBY34F3GYV&lid=LSTMOBFUAEBY34F3GYVA7YALP&marketplace=FLIPKART&q=Samsung+M32+64GB+ROM+4+GB+RAM&store=tyy%2F4io&srno=s_1_22&otracker=search&fm=organic&iid=4acb5a78-e76c-42f4-be56-a678102ab8bc.MOBFUAEBY34F3GYV.SEARCH&ppt=None&ppn=None&ssid=u7uki2tb5c0000001712120194308&qH=e9619a46e47d8066
Flipkart,"SAMSUNG Galaxy A03 Core (Blue, 32 GB)",8398,4.1,"8 Apr, Monday",https://www.flipkart.com/samsung-galaxy-a03-core-blue-32-gb/p/itmdffc705cd5c97?pid=MOBG9BZ5GVTZY6VF&lid=LSTMOBG9BZ5GVTZY6VFZBDC74&marketplace=FLIPKART&q=Samsung+M32+64GB+ROM+4+GB+RAM&store=tyy%2F4io&srno=s_1_23&otracker=search&fm=organic&iid=4acb5a78-e76c-42f4-be56-a678102ab8bc.MOBG9BZ5GVTZY6VF.SEARCH&ppt=None&ppn=None&ssid=u7uki2tb5c0000001712120194308&qH=e9619a46e47d8066
Flipkart,"SAMSUNG Galaxy A03 Core (Green, 32 GB)",8398,4.1,"8 Apr, Monday",https://www.flipkart.com/samsung-galaxy-a03-core-green-32-gb/p/itm7f39ac244845c?pid=MOBGHZXW4JGNXQBZ&lid=LSTMOBGHZXW4JGNXQBZDRDDST&marketplace=FLIPKART&q=Samsung+M32+64GB+ROM+4+GB+RAM&store=tyy%2F4io&srno=s_1_24&otracker=search&fm=organic&iid=4acb5a78-e76c-42f4-be56-a678102ab8bc.MOBGHZXW4JGNXQBZ.SEARCH&ppt=None&ppn=None&ssid=u7uki2tb5c0000001712120194308&qH=e9619a46e47d8066
